{"theme_color":"#476edc","background_color":"#fff","display":"fullscreen","scope":"/","start_url":"/","description":"Di Konsultasiku, kamu dapat bertemu psikolog yang ahli dalam permasalahan psikologis & siap membantumu menemukan jalan keluarnya.","short_name":"Konsultasiku","name":"Konsultasiku","icons":[{"src":"/icon-192x192.png","sizes":"192x192","type":"image/png"},{"src":"/icon-256x256.png","sizes":"256x256","type":"image/png"},{"src":"/icon-384x384.png","sizes":"384x384","type":"image/png"},{"src":"/icon-512x512.png","sizes":"512x512","type":"image/png"}]}